empno,name,mgr,gender,salary,comm,dept
1796,Thorsten Exeter,1040,Male,3669,,15
1405,Erastus Scutt,1004,Female,3838,,15
1453,Clay Uvedale,1026,Male,3382,987,11
1043,Josselyn Perrin,1013,Female,4613,646,14
1080,Nikolia Shaw,1019,Female,3858,1063,12
1970,Barbee Espinha,1017,Female,4336,,12
1237,Gabriello Rown,1012,Female,3996,611,15
1818,Grace Sowte,1010,Female,3428,,11
1398,Rhiamon Brandreth,1039,Female,3261,,15
1419,Lucretia Palatino,1004,Male,4248,,12
1443,Andrew Mingo,1018,Male,4660,875,12
1111,Rachele Kingman,1026,Female,4576,1340,10
1541,Mathias Dowe,1035,Female,3665,,11
1204,Darcey Ortell,1014,Female,4341,,11
1872,Akim Argabrite,1046,Female,4266,,11
1882,Anders Dunseith,1001,Male,4687,,14
1917,Pen Hercules,1008,Male,4236,985,11
1537,Stace Culter,1035,Female,3841,1092,13
1250,Fabio Jakubiak,1009,Male,4049,1005,11
1204,Misha Jeanneau,1050,Male,4074,,15
1161,Carlynne Leppard,1025,Male,3798,1076,14
1933,Somerset Creaser,1001,Male,3940,1436,15
1468,Pincas Crannage,1050,Male,3003,,12
1832,Lurette Weal,1045,Female,3550,1123,11
1148,Dallis Brookzie,1034,Female,3903,,15
1779,Giacinta Lobley,1007,Male,4617,658,10
1042,Bertie Gosney,1009,Female,3964,522,14
1172,Dari O'Hartnedy,1046,Male,3287,1386,12
1506,Jeannine Brognot,1031,Female,4226,,11
1780,Christan Cobello,1008,Female,4511,,13
1932,Adams Pinshon,1024,Female,4127,1155,15
1261,Martie Castiblanco,1022,Male,3034,,13
1495,Trude Stoite,1049,Female,3823,1092,13
1236,Judas Sebring,1050,Female,4509,671,10
1674,Onida Ghirigori,1003,Female,4130,554,12
1624,Ivy Janson,1031,Female,3101,1109,14
1482,Carie Bignal,1020,Male,3177,1300,10
1636,Gerianne Tremollet,1032,Male,3346,,14
1366,Jordain Wilbraham,1037,Male,3018,1313,11
1419,Cissy Curneen,1047,Female,4670,883,14
1887,Maxie Prevost,1050,Female,3026,613,12
1921,Grenville Stonbridge,1033,Female,3790,842,13
1714,Carmelia Yes,1016,Male,4405,685,11
1893,Philbert Medcraft,1007,Female,4541,1237,15
1988,Cecilia Noel,1048,Female,4228,,13
1965,Reinald Ruddock,1039,Male,4292,1495,12
1754,Renell Hamberstone,1011,Female,3393,641,15
1312,Kenyon Probart,1047,Female,3752,,10
1053,Everett Sawtell,1027,Female,3687,590,15
1842,Calv Imms,1022,Female,3862,1338,14
1804,Washington Fitchell,1022,Male,4236,1247,13
1423,Tam Norfolk,1040,Male,3961,,14
1553,Karoline Rolfe,1049,Female,3108,,11
1988,Holly Heak,1017,Male,3508,,12
1054,Fairleigh Mugglestone,1027,Female,3016,692,15
1814,Thoma Twelvetrees,1021,Female,4091,1161,14
1679,Evy Byram,1020,Male,4589,,10
1553,Dorian Daniau,1017,Female,4492,1260,10
1387,Blakeley Gaynes,1028,Male,3918,679,12
1944,Shannen Gilhooly,1025,Male,4423,,14
1782,Leland Pritty,1034,Male,4122,,14
1668,Ianthe Iashvili,1016,Female,3971,,14
1581,Kellsie Ellett,1031,Male,3484,,15
1907,Read Tirrell,1040,Male,4950,,11
1876,Sheba Pennetti,1004,Male,4685,689,14
1984,Man Weedenburg,1001,Male,3282,,12
1860,Leon Quinnelly,1042,Female,4593,,11
1339,Addi Hubber,1007,Male,4445,,14
1834,Karyn Tregale,1019,Male,4000,1191,10
1447,Dominique Itzig,1048,Male,3208,996,15
1439,Fairfax Mitchely,1012,Female,3433,789,12
1327,Dianemarie Tunnicliffe,1050,Male,3213,,13
1428,Karoly Stook,1028,Male,4331,838,15
1990,Carrie Keyzor,1031,Female,3712,,15
1032,Lance Dunnett,1020,Male,4845,546,14
1627,Darcey Boness,1022,Female,4999,1205,11
1748,Jeralee Maliphant,1021,Male,3031,952,15
1573,Roddie Loveday,1035,Female,3386,500,12
1903,Paxon Glasser,1014,Female,3812,,10
1490,Leese Snassell,1033,Female,3869,877,10
1974,Duncan Rigts,1011,Female,3237,,15
1232,Linzy Gentsch,1039,Female,4143,1007,14
1733,Roseanne Gallelli,1049,Male,4455,1445,12
1229,Jordon Hatch,1046,Male,3343,1478,12
1719,Bartholomew Kinnerk,1022,Male,4973,880,10
1039,Marius Mitrikhin,1010,Female,3834,1017,13
1322,Meriel Elstow,1008,Male,3306,,14
1698,Evin Hanbridge,1045,Female,3890,,12
1521,Urbain Cometti,1015,Male,4177,,14
1325,Sherwin Fillon,1027,Female,3673,1110,12
1997,Dottie Sneesbie,1023,Male,3098,1227,10
1545,Lotte Talby,1028,Female,4169,,10
1720,Sydney Picknett,1016,Female,4657,924,11
1386,Nerti Vodden,1047,Female,4721,,10
1374,Glenda Fattori,1004,Female,4995,,15
1433,Taddeusz Karleman,1013,Female,3295,,10
1684,Giraud Brash,1023,Female,3452,1283,15
1580,Culver Ortell,1021,Female,3658,,12
1955,Indira Liddall,1036,Female,3966,,10
1593,Jereme Worboy,1033,Female,3140,798,13
1886,Abigael Mix,1020,Male,4794,,11
1687,Corette Paskerful,1020,Female,4249,,14
1079,Oby Hagart,1040,Female,3991,783,12
1673,Allen Sandyfirth,1038,Male,3150,1327,11
1394,Sawyer Lescop,1004,Male,4327,1285,13
1863,Anselm Gymblett,1002,Male,4515,,11
1320,Sergei Bachshell,1043,Female,3327,1101,15
1471,Tabitha Yarnell,1040,Male,3001,1483,13
1390,Ardisj McCulley,1045,Male,4381,917,13
1677,Curcio Del Checolo,1035,Male,3548,1328,14
1020,Blakeley Pawelek,1013,Female,4738,1394,15
1802,Mollee Blakeden,1013,Male,3676,1007,11
1978,Penny Castellucci,1016,Male,3525,774,13
1368,Olivia Busswell,1019,Male,4942,667,10
1437,Gilemette Blindmann,1029,Female,3066,734,14
1033,Eugenio Russam,1006,Male,4920,853,15
1175,Clarisse Shew,1018,Male,3806,,13
1634,Batsheva Dicey,1008,Male,4108,,14
1577,Patin Zoppo,1043,Female,3471,1326,11
1584,Walliw Tudgay,1026,Female,3396,842,10
1967,Maddie McCuthais,1002,Female,3023,,12
1200,Gherardo Keedy,1002,Male,3793,,14
1570,Ilysa Bourgaize,1036,Male,3576,,12
1109,Mateo Baybutt,1028,Male,3959,,12
1894,Pace Gunton,1003,Male,3271,,15
1094,Malvin Wallenger,1001,Female,3249,,12
1262,Rockwell Rosevear,1048,Male,3033,657,11
1245,Yancy Najera,1004,Female,3830,,13
1649,Rafaelia Treherne,1013,Male,3460,,14
1086,Audre Cuttings,1038,Female,4724,,14
1541,Jordan Sparrow,1041,Female,4913,722,12
1637,Ichabod Lanfare,1023,Male,3216,,11
1182,Simonette Jee,1043,Male,4597,943,15
1646,Goldy Steggles,1028,Male,4791,1452,12
1346,Johna MacNeilley,1034,Male,3357,,11
1874,Lilith Mager,1035,Female,3160,,13
1545,Alphard Vreede,1020,Female,3058,844,13
1355,Albert Garbott,1027,Female,3396,830,10
1574,Kayla Manilo,1037,Female,4543,773,12
1965,Janice Ortiger,1047,Female,3845,1033,15
1144,Keely Breslane,1050,Female,4228,1483,12
1828,Bale Labusch,1024,Female,3419,733,14
1448,Vyky Pakenham,1029,Male,3298,596,10
1823,Kaitlyn Leacock,1028,Male,4737,659,12
1903,Bryon Wroth,1019,Male,4826,,12
1196,Dunstan Gommey,1026,Female,4649,1339,14
1878,Ede Edds,1021,Female,4561,1082,12
1768,Berkie Strathearn,1042,Female,3341,514,11
1066,Granville Merredy,1027,Male,4356,894,15
1933,Steven McIlmurray,1033,Female,4262,1241,12
1112,Adolphe Legon,1014,Male,4332,848,10
1586,Lucila Couling,1006,Male,3397,512,13
1651,Koralle Sevior,1010,Male,4680,,12
1582,Barnett Claessens,1013,Female,4257,,11
1158,Reid Melbert,1032,Female,3133,1023,13
1716,Elston Willmett,1023,Male,3112,,14
1604,Cathrine Kohen,1039,Female,3173,1203,13
1966,Aguste Speak,1005,Male,4956,739,15
1661,Morrie Belderson,1012,Female,4264,,12
1117,Adan Eldred,1009,Male,3175,,12
1883,Ninetta Golbourn,1013,Female,4603,1192,11
1290,Issie Sellar,1001,Male,3249,,15
1099,Janeen Domenici,1001,Female,4606,,12
1927,Ninette Baglow,1014,Male,4844,946,12
1222,Sibyl Antcliffe,1043,Female,4641,,14
1405,Bent Breakey,1047,Male,3285,975,15
1628,Penni Mackinder,1026,Male,3155,853,11
1684,Linn Sugars,1043,Male,3168,561,13
1840,Sollie Brotherton,1040,Female,3288,1262,14
1376,Bryant Thoms,1041,Female,4589,529,13
1450,Griswold Shemmans,1047,Male,3576,,11
1705,Rosalynd Bispo,1025,Male,4727,,10
1566,Marco Embury,1009,Female,3587,,13
1765,Harley McLarty,1029,Male,3946,924,10
1537,Darcy Mabbitt,1029,Female,4664,1184,15
1879,Darda Wellbelove,1031,Female,4015,1242,15
1285,Tobie Khotler,1033,Male,4224,,10
1606,Viviyan Parysowna,1034,Female,4877,,14
1855,Conney McTeggart,1005,Male,4536,,10
1087,Charmain Rennix,1041,Male,4529,639,13
1415,Kele Swyer-Sexey,1008,Female,4395,,15
1030,Gabey Kobiera,1017,Female,3386,1162,15
1672,Katrine Morcomb,1030,Male,3013,1415,14
1923,Joe Goldthorpe,1016,Female,4435,,14
1407,Lynde Howselee,1033,Male,3763,702,12
1072,Tonia Tremellan,1050,Male,4392,746,11
1770,Hatty Ratnege,1050,Male,4790,,13
1731,Duky Thornton-Dewhirst,1020,Male,3653,1212,10
1378,Paton McConaghy,1033,Male,4603,,15
1929,Alice Klugman,1024,Male,4970,1147,10
1872,Heather Berndtssen,1001,Female,4735,,11
1457,Artemis Paley,1043,Female,3141,,12
1944,Prent Sweetman,1005,Female,4493,,13
1762,Vivian Gregore,1028,Male,4279,,11
1133,Golda Pavlenkov,1034,Female,3703,902,14
1401,Audrye Bartlam,1044,Female,3592,1087,14
1003,Monroe Nice,1047,Male,4042,1365,15
1670,Stanislaus de Amaya,1013,Male,3990,,14
1898,Emmye Stark,1005,Male,4243,,12
1116,Giorgia Creedland,1036,Male,3093,819,14
1859,Dilly Earland,1044,Female,3606,906,10
1694,Nero Gwilliams,1044,Male,4094,1151,13
1303,Davy McGlade,1027,Female,4673,1108,13
1325,Babita Goodwell,1007,Female,3212,1418,15
1312,Sheridan Revans,1003,Female,4765,1422,12
1407,Barth Lory,1023,Male,3015,,13
1968,Bastian Hardy-Piggin,1018,Female,4267,716,11
1592,Roderick Lankford,1031,Female,3380,,11
1015,Archibaldo Saggers,1011,Male,3661,,12
1651,Di Ordish,1037,Male,3288,636,12
1750,Padget Densell,1009,Male,3383,1062,15
1470,Arvie Snalum,1033,Male,4326,,12
1536,Menard Perrat,1013,Female,4577,1188,14
1282,Tommy Kornalik,1021,Female,3116,,10
1534,Les Jeffryes,1018,Male,3928,,11
1303,Zoe Collimore,1008,Female,3035,1004,10
1908,Leo McKeady,1004,Female,3290,1202,10
1268,Nicol Arsnell,1030,Female,3175,,14
1646,Birgitta Lanceter,1026,Male,3803,,10
1346,Mervin Trousdell,1039,Female,4446,,10
1232,Luella Spuner,1013,Male,4429,,14
1060,Georgette Dumingos,1005,Male,3383,1131,13
1813,Agneta McCambridge,1018,Male,3744,887,14
1606,Alverta Rissen,1001,Male,4388,,14
1147,Frannie Cottier,1002,Female,4144,1471,12
1424,Britta Coytes,1031,Male,4986,,15
1413,Sheeree Castellani,1040,Female,3046,502,14
1306,Hanna Yonge,1012,Male,4010,,11
1369,Phylys Dericot,1015,Female,4479,1105,11
1770,Khalil Harome,1029,Female,3699,1075,10
1429,Charmain McTurley,1035,Male,4984,1415,11
1472,Callean Bithell,1013,Female,3283,1193,13
1505,Kessiah Coghill,1035,Male,4982,,10
1082,Pembroke Blakely,1018,Female,4535,,14
1793,Wes Wesson,1018,Male,3180,510,10
1593,Cullin Champkin,1023,Female,4432,991,11
1192,Corbin Edgworth,1036,Female,3159,,11
1649,Hayes Bridgeland,1018,Female,4146,,10
1639,Teddy Rucklidge,1035,Male,3409,934,15
1573,Pascal Caig,1042,Male,4654,1241,12
1146,Hubey Suarez,1041,Female,4628,758,11
1712,Alexi Dinjes,1011,Female,3150,,13
1359,Teddie Tredwell,1043,Male,4109,1342,11
1532,Brandie Locksley,1042,Female,4486,551,15
1261,Ulrike Garey,1021,Male,4353,,14
1559,Margret Bootland,1018,Female,3833,,14
1400,Anabelle Holson,1014,Male,4223,624,15
1390,Bowie Gerardi,1011,Female,3792,750,10
1975,Wenonah Otteridge,1008,Male,3298,,10
1531,Julita Mardling,1017,Male,4579,713,10
1774,Francoise Camplen,1026,Female,4416,,14
1888,Angelique Conibeer,1035,Male,3930,1086,10
1494,Maris Gutowski,1018,Male,4763,,15
1720,Frazier Soall,1032,Female,3270,,12
1459,Svend Mellody,1034,Male,4311,1183,10
1736,Dorri Kike,1009,Male,4991,1149,14
1117,Elly Stiell,1011,Male,4136,920,14
1006,Reg Vater,1029,Female,3816,1006,12
1416,Angil O' Hanvey,1032,Female,3198,1029,12
1869,Giuseppe Greenhill,1036,Male,4623,876,10
1881,Bernete Bosward,1038,Female,4075,,11
1516,Genevra O' Mara,1017,Female,4294,,11
1829,Zebulon Bramich,1040,Male,3530,873,14
1044,Dominica Livett,1029,Male,3772,,12
1874,Kimberley Redmile,1023,Female,3679,1399,13
1723,Burk Dozdill,1020,Female,4165,900,14
1213,Armando Fremantle,1009,Female,3754,,11
1091,Phyllida Kimberly,1029,Male,4413,1379,11
1862,Colman Jeayes,1001,Female,4453,,11
1625,Amy Layson,1044,Female,4391,1280,15
1980,Andromache Ficken,1047,Female,3557,,14
1002,Lorettalorna Dykins,1022,Female,4906,,14
1041,Nick Aliman,1032,Female,4384,1252,12
1597,Vernice Golly,1034,Male,3818,1397,10
1873,Tris Howels,1023,Male,3542,,14
1592,Burt Yukhnini,1048,Female,3154,1190,12
1541,Ula Stidever,1022,Male,4278,,15
1275,Bibbie MacCrann,1041,Female,4482,981,12
1200,Emily Grinin,1015,Male,4478,,14
1468,Mortie Francesch,1015,Male,3451,,11
1880,Corty Tebboth,1011,Female,3251,,13
1307,Gerik Gaze,1016,Female,3414,1196,15
1363,Kip Wigfield,1037,Male,3494,911,12
1999,Dagmar Roelofs,1045,Male,4682,795,11
1734,Lucy Sapson,1042,Female,4545,,13
1931,Leshia Merrick,1022,Female,4870,,11
1379,Leonanie Fynn,1025,Male,4308,707,10
1146,Paten Scullion,1008,Male,4604,1468,11
1060,Janice Mc Menamin,1007,Female,3000,716,13
1678,Maxim Scranney,1037,Female,4300,1150,11
1048,Hiram Tregaskis,1008,Female,4996,,12
1175,Darbee Antonomolii,1035,Female,3936,,13
1379,Eduino Zapata,1040,Female,4729,664,11
1496,Almeta Chastand,1035,Female,4484,1324,12
1078,Gui Bliven,1048,Male,3764,963,14
1692,Crystie Walden,1037,Male,3321,1464,13
1098,Berte Fairhead,1012,Female,4787,798,12
1169,Nonna Divers,1008,Male,3521,,13
1857,Amberly Swalwell,1026,Male,4373,,14
1478,Marchelle Vreiberg,1026,Female,4962,731,11
1551,Lon Trunkfield,1047,Female,4883,1219,11
1777,Sibilla Ridge,1006,Female,4214,,12
1468,Aurelie Synke,1048,Female,4991,523,14
1179,Bald Merit,1012,Female,4827,1440,12
1069,Zelma O'Mailey,1045,Female,4631,971,15
1342,Gil Hartegan,1007,Male,4312,,10
1193,Brennen Leeder,1034,Female,3748,,13
1148,Chrisy Huntall,1008,Female,3724,755,12
1720,Arv MacNeil,1007,Female,3245,893,15
1782,Burk Dilgarno,1049,Male,3825,1362,13
1797,Stanley Pietruszewicz,1019,Female,4769,,15
1236,Tabor Elacoate,1028,Female,4002,758,13
1599,Mickie Truin,1049,Male,4497,,15
1927,Raymond Jerromes,1008,Male,3545,1198,14
1527,Tony Clough,1031,Female,3571,1028,15
1372,Reiko Fochs,1009,Male,4819,1008,14
1011,Rustie Edgett,1028,Male,4484,,15
1398,Alard Rosenqvist,1017,Male,3815,,10
1855,Nickolaus Need,1032,Male,4197,,13
1849,Alexia Ruhben,1043,Female,3169,,12
1091,Lil Picott,1038,Male,4650,,11
1337,Margaret Thompsett,1023,Male,3131,,10
1453,Dayle Humm,1031,Male,3723,,13
1139,Clair Glazzard,1039,Male,4240,,14
1784,Wendye Barsby,1016,Male,3805,598,13
1299,Adria Gaskin,1048,Male,4507,,12
1741,Romonda Flaxon,1029,Female,3851,,11
1252,Morton Avery,1014,Male,4840,1246,12
1201,Matelda Stoneley,1042,Female,4855,1243,11
1270,Nowell Prewett,1019,Male,3886,,12
1259,Swen Jachimiak,1033,Female,4379,970,11
1620,Marybeth Abell,1024,Male,3396,,10
1703,Beckie Whitbread,1024,Male,3943,1450,15
1405,Herby Deppe,1017,Female,3578,1434,11
1238,Connie Darbishire,1016,Male,4138,1076,11
1810,Kelby McLachlan,1012,Female,4631,,12
1822,Marilin Ludy,1032,Female,4463,756,10
1104,Karlie Fordham,1002,Male,3790,950,10
1827,Bridie Fincham,1031,Male,3251,1492,15
1802,Marj Mebes,1050,Female,3106,1068,12
1890,Agathe Ravenhill,1003,Male,4330,612,12
1600,Catlee Craigmyle,1014,Female,4327,1377,10
1662,Ivory Valti,1021,Female,4324,1073,13
1580,Emylee Seeley,1028,Male,4744,,13
1549,Morlee Kohter,1019,Male,4773,,13
1338,Idalia Missenden,1040,Male,4065,658,15
1505,Sascha Hartley,1047,Female,3556,732,13
1967,Scarlett Waliszek,1024,Female,4876,1204,13
1529,Dorette Tatlowe,1025,Female,4932,,10
1267,Vladimir Claque,1047,Male,3526,889,14
1200,Charita Cottier,1014,Male,4998,1241,10
1540,Dimitry Castledine,1025,Male,3075,,11
1905,Chrisse Chessil,1016,Female,3604,1359,12
1975,Gene Wall,1049,Male,3877,,13
1578,Gypsy Tranter,1015,Male,3610,,10
1108,Olympia Lower,1022,Male,4385,,15
1972,Carmon Rikel,1042,Male,3136,1080,11
1343,Romola Kettoe,1009,Female,3489,,11
1235,Jerrilee MacCartney,1011,Male,4950,,15
1002,Wilek Kenneway,1046,Female,4686,,14
1656,Leticia Cuzen,1047,Male,3239,1212,14
1562,Karin Roney,1005,Female,4530,,12
1569,Roberta Newrick,1014,Female,3529,,12
1283,Arthur Purselowe,1040,Male,3636,824,12
1392,Emogene Worlock,1020,Male,3006,641,13
1027,Johnathon Gripton,1005,Female,3399,,12
1323,Zane Gemlbett,1038,Female,4332,,12
1404,Iorgo Kindall,1020,Male,4840,1094,15
1049,Siobhan Hulkes,1044,Female,3167,,14
1505,Delinda Gisburn,1028,Female,3056,982,13
1194,Bartlett Zelley,1003,Male,3514,,10
1128,Willy Minchinden,1030,Male,4756,885,13
1381,Devlin Fursse,1027,Male,4972,1117,14
1260,Henryetta Barribal,1010,Female,3974,,12
1072,Earle McGray,1050,Female,4058,710,10
1609,Tonia Swendell,1036,Female,4374,1018,15
1289,Ariel Danilchenko,1033,Female,4635,,12
1934,Tony Jannaway,1023,Male,3138,,11
1034,Candida Eteen,1038,Female,3855,721,14
1157,Matias Sawdon,1039,Female,3220,1125,15
1841,Godiva Sifleet,1036,Male,4004,1348,11
1293,Veronika Laity,1011,Male,3421,1040,10
1183,Gradey Kibbey,1046,Female,3164,802,15
1839,Leonard Ragsdale,1049,Male,4867,1225,14
1745,Cati Niblock,1049,Male,4679,,13
1540,Kory Tother,1034,Female,4683,1382,15
1011,Sloan Sharpus,1034,Female,4693,858,12
1345,Kirsten Clemenson,1050,Male,4856,1122,11
1039,Nadiya Esmead,1025,Male,4238,515,15
1182,Pietro Ravilus,1023,Male,4979,863,15
1925,Gennie McCrudden,1019,Male,4187,1487,10
1687,Agnola Skitteral,1008,Male,4450,,11
1602,Zackariah Jolley,1035,Female,3776,679,13
1972,Kingsly Halladey,1045,Male,3000,,12
1024,Jameson Garrad,1045,Female,4354,1006,14
1559,Cecilio Heams,1020,Female,4850,1051,14
1909,Stephannie Higgan,1033,Male,4961,599,12
1007,Chase Siely,1038,Female,3240,,12
1131,Miguelita Heimann,1029,Female,3013,,13
1216,Anabel Matzeitis,1029,Male,4131,1245,15
1489,Rochester Colvie,1047,Female,4829,,11
1859,Kurt Fadian,1035,Female,3148,860,14
1471,Philippa Bather,1036,Female,4775,,15
1279,Myrvyn Frichley,1018,Female,4270,858,11
1316,Kyla Pastor,1035,Female,3043,872,11
1955,Keefer Grzeszczyk,1039,Male,4215,,14
1710,Mattie Hiseman,1040,Male,3744,502,10
1783,Tatum Inwood,1035,Female,4078,1494,14
1228,Lu Benit,1035,Female,3828,,10
1222,Mychal Goolden,1004,Female,3817,1204,13
1312,Dania Turnbull,1035,Female,4059,1436,13
1098,Rikki Anker,1024,Female,4695,1085,12
1782,Pierson Duplain,1027,Male,4444,,12
1452,Robin L'Hommee,1048,Female,3600,1026,13
1866,Henderson Spreckley,1020,Male,3745,802,14
1037,Gloria Blasi,1004,Female,3561,1054,10
1423,Joscelin Bleue,1005,Male,4690,707,10
1072,Rudie Beresford,1002,Male,4157,,15
1601,Daron Matteucci,1032,Male,4153,,11
1210,Gage Thornewill,1006,Male,3046,,12
1603,Elijah Ellwell,1024,Female,4206,,14
1506,Ara Hassall,1027,Male,3399,519,11
1329,Joey Adamo,1019,Male,4740,1000,10
1566,Monah Kettleson,1049,Female,3132,,12
1728,Putnem Gillise,1022,Female,4020,1400,12
1746,Tate Bourget,1023,Female,4829,,13
1025,Willetta Pusill,1033,Male,3039,534,14
1767,Roobbie Rodenburgh,1007,Male,3630,,14
1946,Isaiah Fratson,1028,Female,3868,,11
1995,Gina Domsalla,1022,Female,4121,,15
1941,Duffy Wrist,1021,Male,4509,734,12
1054,Ardis Parell,1006,Male,3105,,11
1945,Raf Dewerson,1038,Male,3313,,14
1662,Gilberte Fairfoot,1036,Male,3715,,10
1330,Jobina Lerwill,1023,Male,3804,,10
1894,Cathi Strooband,1024,Female,3117,1486,10
1929,Buddie Quinlan,1050,Female,4743,556,12
1523,Olly Stott,1016,Female,4439,1104,14
1092,Nolana Beyer,1001,Female,4741,1260,12
1247,Alie Giacobillo,1037,Female,4328,576,13
1480,Kennith Bassick,1009,Female,3949,,15
1423,Pansie Kilcoyne,1012,Female,3606,1257,14
1309,Sande Mant,1013,Male,4074,,12
1832,Haleigh Haughey,1033,Male,4366,,11
1653,Darrel Micheli,1014,Female,4030,,12
1290,Ellette Rames,1019,Female,4376,,11
1222,Sheree Kingman,1046,Male,4570,515,13
1234,Kiele Mayhew,1032,Male,3358,,13
1278,Liz Mitchard,1005,Male,4632,,12
1255,Rad Haynesford,1042,Male,4375,1062,13
1413,Aloysius Dummett,1035,Male,4717,,11
1713,Wynne Lambole,1026,Male,4829,,10
1749,Minna Trenfield,1023,Female,3302,1096,15
1177,Yorgo Gland,1038,Female,4752,1417,11
1100,Zachariah Sawfoot,1040,Female,3002,,15
1681,Olenka Jellis,1003,Male,4189,1282,11
1075,Abner Thorwarth,1050,Male,3511,599,11
1548,Walsh Paynter,1018,Female,3377,1235,13
1883,Kiley Treamayne,1011,Male,4195,,12
1687,Hedda Hallowes,1028,Male,4668,955,13
1223,Janelle Tranckle,1038,Male,4860,,12
1211,Leann Stabbins,1029,Female,4747,1001,12
1180,Alphonse Rohlfs,1002,Female,4745,708,12
1974,Glyn Heffy,1003,Male,4531,,15
1701,Mariska Shreeves,1041,Female,3925,,12
1399,Merell Ogger,1011,Female,4081,1149,10
1733,Clayton Tale,1026,Female,3855,,11
1522,Horten Ivanyushkin,1008,Male,4290,1130,15
1099,Dorey Tewnion,1045,Male,4007,587,10
1269,Vanna Nobes,1034,Female,3621,617,15
1549,Jerad Turfus,1001,Male,4884,847,10
2000,Richmond Quinnelly,1039,Female,4588,,15
1520,Cory Kuhn,1002,Male,4133,1232,15
1125,Timmi Cowles,1027,Male,3667,,13
1766,Tove Vanyukov,1037,Female,3511,,15
1383,Issi Manssuer,1004,Female,3086,729,13
1317,Flossy Postin,1003,Male,4137,,13
1197,Leticia Vettore,1025,Female,4567,,14
1475,Saunders Baigrie,1035,Female,3771,,13
1067,Eliza Halliburton,1031,Female,4609,,13
1712,Ansell Golthorpp,1008,Male,3273,1057,13
1036,Rozelle McWhannel,1029,Female,4957,,15
1469,Goldy Urlin,1008,Female,4035,690,15
1583,Portie McGrayle,1016,Female,4507,1419,15
1744,Rosabelle Alsina,1032,Female,4114,,15
1611,Mathias Batchellor,1010,Female,3022,1365,10
1314,Thia Parsisson,1043,Female,3382,625,11
1956,Kitty Hallam,1049,Female,3786,693,11
1687,Sara Wallwork,1043,Male,3887,1438,11
1778,Ralph Eve,1013,Female,4714,1087,13
1020,Greer Gerler,1042,Male,4009,,14
1212,Dylan McCome,1050,Male,3871,1388,14
1420,Lannie Buckberry,1032,Male,3160,616,11
1294,Filmore Fausset,1006,Male,3735,1367,15
1680,Mill Pennells,1030,Male,3210,1270,12
1479,Celesta Grange,1031,Male,3726,1495,13
1720,Danna Olohan,1029,Female,4910,,13
1663,Gwenni Dukesbury,1025,Male,3807,,13
1041,Sarina Kettley,1038,Male,3082,870,10
1995,Paule Klimko,1034,Female,3484,,15
1058,Opal Magnay,1016,Female,4582,534,13
1316,Merell Nutbrown,1044,Female,4925,,11
1183,Jacquenetta Chatburn,1031,Male,3517,,11
1246,Gayle Pickston,1011,Female,4335,,13
1573,Maudie Parnham,1032,Female,4318,,14
1954,Alexa Gilberthorpe,1003,Female,4596,848,14
1960,Syd Barbary,1019,Female,3327,708,13
1708,Lilly Schneidau,1032,Female,4637,984,12
1855,Emmaline Gatheridge,1016,Female,3734,,10
1615,Caryn Slott,1006,Female,3147,531,14
1090,Gamaliel Hauxwell,1036,Female,4800,511,15
1974,Andy Longthorne,1012,Male,4471,1290,15
1093,Faydra MacCoughan,1049,Male,3022,,10
1736,Uriel Cullin,1016,Male,4445,1309,13
1790,Neale Schankel,1041,Male,3550,,11
1815,Pen Lovart,1045,Male,4742,739,13
1676,Merle Churly,1037,Female,3133,1303,15
1858,Bernadina Prin,1035,Female,4903,1357,10
1394,Porter Speechly,1016,Female,3220,1162,14
1278,Fabe Siret,1004,Female,4241,641,15
1817,Bernadine Redbourn,1032,Male,4979,1215,14
1444,Eveleen Deaconson,1030,Male,3160,,13
1191,Tab Quarless,1045,Female,4815,805,11
1935,Margarette Pavluk,1014,Female,4372,526,10
1414,Fancie Cutajar,1032,Female,3480,,12
1315,Vernice Derges,1011,Female,4607,581,14
1678,Agata Found,1041,Female,4514,,14
1617,Rosalie Balsom,1022,Female,3060,691,10
1775,Davis Crowley,1033,Female,4507,,14
1909,Odelia Andreone,1017,Male,3035,879,15
1860,Catha Rolles,1029,Female,3457,1263,10
1743,Jillana O'Curneen,1025,Female,4650,,13
1773,Viv Bastable,1034,Male,4261,1336,14
1042,Daryl Van der Veldt,1024,Female,4030,901,11
1652,Elston Bodd,1001,Female,3058,,13
1187,Moria McGrale,1034,Male,3377,1293,15
1256,Braden Bains,1031,Male,3333,,10
1589,Camilla Samsonsen,1008,Male,4038,970,15
1921,Zeke Duckham,1009,Male,4400,,13
1741,Waverley Themann,1019,Female,4763,1128,11
1757,Jane Hadcroft,1040,Female,4603,,10
1687,Joyous Barensen,1034,Male,4010,768,13
1683,Bee Gall,1008,Male,4089,562,13
1743,Patty Breit,1014,Male,4617,,14
1244,Catherine Quarton,1037,Male,3805,,13
1816,Cory Tenman,1002,Female,4994,548,14
1167,Sande Skase,1019,Male,3138,1492,15
1127,Lucius Hanssmann,1006,Female,3971,,10
1429,Cooper Newson,1047,Female,3142,545,15
1377,Dyana Brinicombe,1028,Male,4814,1230,15
1331,Lisette Bortolini,1013,Male,3289,1000,15
1906,Athene Davenport,1004,Female,4323,1039,14
1654,Franciska Staning,1048,Female,4782,563,14
1468,Aida Brake,1043,Female,4977,781,15
1654,Horatio Rickertsen,1018,Female,3330,915,13
1258,Lorine Dauney,1012,Male,4925,979,12
1514,Jae Frith,1003,Male,3400,,10
1751,Shena Dugdale,1036,Male,3042,,15
1108,Kyle Mollett,1016,Male,4966,,15
1196,Rab Latch,1036,Male,4992,595,15
1553,Jake Joderli,1035,Female,3539,550,15
1816,Doll Idel,1015,Male,4633,1191,13
1213,Bryan Gidden,1042,Male,4427,790,15
1317,Sandie Cofax,1029,Female,3852,,14
1460,Shay Matiewe,1029,Female,3574,805,11
1705,Bartram Gibbin,1013,Female,3257,,11
1122,Shandie Rubertis,1027,Female,3397,1073,13
1677,Sara Fasler,1050,Female,4363,1358,13
1279,Tanney Huntington,1029,Female,4439,,11
1132,Ravi Penddreth,1028,Male,3493,1202,12
1910,Danya Bound,1035,Female,3469,1265,11
1001,Genevra Agass,1025,Female,4148,658,13
1892,Joycelin Danilovich,1018,Male,3879,,10
1401,Jeremie Heaven,1026,Male,4434,,12
1004,Kasey Dockrill,1046,Male,3532,636,11
1582,Margeaux Starte,1022,Female,3972,,12
1812,Jamie Vernay,1037,Male,3449,,11
1740,Annadiana Mazzia,1038,Female,3149,,11
1979,Sutton Tilliard,1018,Female,4935,,13
1021,Shaine Stibbs,1021,Male,3441,649,14
1865,Antonetta Plumtree,1025,Male,4022,1418,13
1849,Romola Aasaf,1014,Male,4982,1087,12
1937,Shane McSweeney,1039,Female,3272,901,10
1986,Dodie Kundt,1031,Male,4593,551,10
1035,Dion Hultberg,1035,Male,3838,739,12
1923,Brina Mesnard,1023,Female,3059,987,12
1121,Sisile McInnery,1020,Female,4712,921,10
1769,Glynnis Kennady,1019,Female,3354,1483,13
1892,Sonny Gaitley,1024,Female,3927,1325,12
1534,Yolanthe Bearn,1001,Male,3591,1033,11
1209,Mychal Klimov,1025,Female,4852,,13
1258,Shermie Reina,1008,Male,4152,941,12
1830,Melonie Lester,1050,Male,4538,,11
1794,Michelle Espie,1015,Male,4466,1385,14
1083,Justen Elson,1013,Female,4871,,12
1839,Daryl Lomaz,1018,Male,3122,,14
1358,Benton Myrick,1025,Male,4406,683,11
1756,Alvinia Cornthwaite,1014,Female,3370,1398,14
1550,Tammi Lainge,1040,Female,4350,1011,10
1385,Malvin Stockdale,1024,Male,4365,580,15
1950,Nanon Lambird,1015,Female,4301,,12
1913,Reube Laugherane,1008,Male,4803,1097,10
1409,Kassie Dillimore,1003,Female,4173,,15
1809,Menard Hare,1039,Male,4679,,13
1186,Veradis Walklot,1029,Male,4250,,15
1930,Gib Melwall,1011,Male,4151,,11
1421,Bernardo Bonnavant,1009,Female,3895,1170,12
1332,Lida Feasby,1001,Female,3712,527,10
1885,Jena Stirman,1048,Male,3601,,13
1884,Avigdor Kellard,1043,Male,4479,878,10
1871,Katerine Body,1050,Female,3041,1372,11
1146,Gavrielle Huitson,1050,Female,3343,1416,15
1453,Abigail Jandourek,1045,Male,3635,705,13
1793,Tildi O'Cannan,1026,Female,3825,,10
1120,Sherlock Ridder,1039,Female,3912,815,12
1851,Danit Trewin,1035,Male,3046,,15
1617,Marillin Keenlyside,1015,Male,3950,578,13
1166,Omar Pinson,1036,Male,3507,,13
1531,Anissa Hesser,1013,Female,3305,,11
1538,Keelia Dolligon,1036,Female,4956,807,11
1609,Chevalier Cheak,1021,Male,3150,,11
1697,Maribel Dunridge,1001,Female,3174,,14
1020,Vlad Fisk,1009,Female,4673,1257,11
1832,Pierre Groll,1042,Male,4685,686,14
1274,Niccolo Becke,1005,Female,3492,,14
1940,Regan Camden,1004,Female,4285,,13
1342,Reyna Gasnoll,1045,Male,3836,841,12
1598,Kalvin Leer,1010,Male,4158,1086,12
1357,Anett Prozillo,1020,Female,4604,,12
1256,Georgeta Syder,1045,Male,3807,,15
1458,Benton Palin,1022,Male,3574,1312,13
1193,Elna Yele,1029,Male,3294,993,10
1475,Malissa Poate,1035,Female,3132,1306,14
1548,Georges Lindfors,1031,Female,3763,557,13
2001,Debee Udey,1022,Female,4412,1188,14
1113,Odilia Tytler,1029,Female,3366,,14
1389,Rozanna Tayt,1046,Male,3333,820,15
1975,Cross Handover,1040,Male,4912,1398,12
1541,Salvatore Ajam,1048,Male,3919,506,10
1992,Basilio Redihough,1008,Female,3564,1275,15
1120,Minta Crampton,1009,Female,3872,,10
1662,Garwin Beininck,1032,Female,4657,,12
1203,Lian Freckleton,1040,Male,3444,856,14
1791,Aron Bricham,1017,Female,4801,,13
1858,Fernande Barlass,1018,Female,3219,,10
1390,Lonny Shanley,1037,Female,3144,,15
1284,Maxie Lowder,1024,Male,4135,653,14
1745,Valencia McKimm,1007,Female,3373,562,11
1559,Corey Garoghan,1002,Female,4920,,10
1387,Walsh Duferie,1048,Female,4014,,11
1620,Binnie Tesoe,1011,Female,4529,,10
1097,Lincoln Brunelleschi,1034,Female,3837,,10
1952,Sebastian MacRannell,1043,Female,3899,724,10
1985,Marjorie Ayerst,1012,Male,4092,,12
1719,Beltran Gosnay,1007,Female,4779,,10
1440,Kellen Kinnerk,1045,Male,4818,705,15
1158,Bianca Kinneir,1006,Female,4800,,13
1681,Janeen Lutman,1041,Female,3989,,13
1082,Forbes Stillgoe,1029,Female,4078,,13
1537,Ruben Wallsam,1049,Male,3832,,12
1021,Les Butland,1048,Female,4540,803,11
1030,Carmelina Capron,1039,Female,3051,,14
1626,Rog Grandin,1024,Male,4007,,12
1485,Katy Pandie,1042,Female,3260,786,10
1926,Gray Mouser,1043,Female,4967,1208,13
1696,Bay Cejka,1018,Male,4252,1462,12
1729,Johanna Devennie,1037,Male,4362,1113,13
1494,Vivyan Nickell,1049,Male,3877,,15
1445,Janelle Hickisson,1029,Female,3317,,13
1273,Persis Saph,1013,Male,3075,1199,15
1656,Ab Woosnam,1020,Female,4569,1400,13
1096,Terrell Pettiford,1025,Female,4612,1167,14
1763,Georgeanna Tratton,1016,Female,4564,719,12
1849,Petronia Sayton,1031,Male,3389,,14
1854,Averil Le Barre,1040,Female,4527,,13
1296,Kylila Poynter,1008,Male,3124,,15
1687,Gregg Norcross,1029,Male,3754,1088,14
1944,Christalle Shegog,1045,Female,3823,1146,13
1075,Oren Rodwell,1028,Male,3591,,15
1518,Tome Twyning,1013,Female,4297,,13
1216,Thelma Brosnan,1016,Female,4257,1415,12
1867,Di Brettor,1044,Female,4425,1411,14
1636,Alon Bonifas,1035,Male,3417,,10
1846,Trina Hickinbottom,1006,Female,3712,1392,14
1019,Kameko Mossom,1002,Female,3119,,14
1754,Raul Peyto,1015,Male,4858,1490,11
1848,Brit Dandie,1048,Female,4801,743,10
1374,Tamar Hares,1042,Male,4644,1079,14
1922,Lilli Sifleet,1040,Female,4868,1126,10
1746,Peggy Toon,1037,Female,3322,,13
1834,Gil Helder,1010,Female,4277,,14
1188,Tommi Courteney,1046,Male,3392,842,10
1192,Moll Wardesworth,1033,Female,3741,949,14
1920,Rae Olpin,1048,Female,4968,,14
1294,Morry Sobey,1042,Female,4147,941,12
1927,Borden Cuppitt,1001,Female,4417,552,12
1100,Orazio Jakobsson,1002,Male,3086,1450,13
1107,Kurtis Lifsey,1030,Male,4369,,15
1742,Paloma Budnik,1044,Male,3129,686,13
1851,Willamina O' Brian,1009,Female,4474,,14
1082,Donielle Clayhill,1043,Female,4956,1090,11
1199,Angelo Symmons,1037,Female,3124,,12
1077,Roselia Bollon,1041,Female,3312,1351,11
1670,Jeremy Flowith,1015,Female,3352,,15
1798,Symon Meake,1047,Male,4701,1061,11
1788,Laurent Mellem,1046,Female,3927,,14
1017,Madelon Paulat,1039,Male,4302,,12
1029,Taryn Donisi,1017,Male,4784,1361,11
1942,Faber St. John,1030,Male,3234,,12
1532,Shayne Bussell,1039,Male,4530,,10
1795,Boniface Burleton,1016,Female,4903,833,11
1033,Jesselyn Holehouse,1029,Female,4105,,12
1998,Edyth Tunnacliffe,1018,Male,4659,826,12
1279,Alley Pilipets,1038,Male,3085,509,10
1947,Ricca Marquez,1044,Female,4552,830,15
1760,Nert Buxcy,1023,Female,3408,1245,15
1485,Eduard Blagdon,1026,Female,4611,1417,12
1988,Bidget Gresly,1030,Female,3785,,10
1284,Tom Balasini,1012,Female,4681,623,14
1627,Consolata Dyett,1041,Female,4403,1211,10
1792,Jandy Levi,1002,Female,4199,,15
1268,Rutledge Ebben,1012,Female,3692,,15
1967,Clementius Venn,1046,Female,3771,1344,13
1793,Mabelle Burgoyne,1019,Female,4975,1136,11
1337,Panchito Carbert,1042,Male,3038,1165,14
1283,Sherwin Hannent,1041,Male,4390,1107,15
1241,Charlotte Livoir,1044,Male,3210,,11
1626,Kimmi Gammidge,1026,Female,3829,,13
1391,Celia Doull,1039,Male,3924,1083,10
1963,Gaultiero Brandassi,1011,Female,3867,,12
1002,Noelle Maloney,1035,Female,3201,,12
1711,Codie Harbage,1035,Male,4820,1398,14
1433,Mickie Gristhwaite,1017,Male,4883,1154,12
1347,Henrieta Beaulieu,1013,Male,3262,,13
1978,Olga Castelluzzi,1050,Female,4878,,14
1382,Rudie Isaq,1035,Female,3949,1246,11
1028,Austin Knolles-Green,1029,Male,3051,,15
1797,Dorrie Rosensaft,1032,Male,4139,,14
1261,Arleta Antoney,1024,Male,3062,1305,10
1991,Alli Toleman,1015,Male,4135,,15
1900,Rowney Weich,1032,Female,4606,,11
1947,Margit Blore,1045,Male,4752,746,14
1282,Jude Allerton,1012,Male,4207,1173,10
1617,Codee Ballston,1023,Female,3769,518,10
1606,Ina Nawton,1032,Male,4429,607,15
1505,Veronique Cushworth,1036,Male,3621,795,14
1885,Charlene Axelbee,1026,Female,3658,,11
1256,Melesa Rickertsen,1021,Female,3411,516,14
1834,Lindsey Evert,1046,Male,3948,515,12
1485,Gene Maher,1037,Female,4905,,10
1475,Gilbertina Bolver,1016,Male,3340,,11
1340,Devora Fayre,1016,Male,3149,,11
1265,Washington Offill,1017,Male,3821,904,10
1869,Hall Semken,1004,Male,4975,,14
1954,Linet Konneke,1015,Male,4372,1055,11
1893,Nicoline Cracknell,1006,Male,3041,,11
1177,Barron Peat,1038,Male,4375,,11
1432,Olive Sallans,1045,Male,4515,1095,13
1095,Ruthie Jacobovitch,1038,Male,4534,743,12
1981,Gladys Ramplee,1043,Male,3178,,13
1178,Trueman Lenden,1023,Male,3192,,11
1490,Llewellyn Adamek,1041,Female,3572,1142,12
1150,Elicia Cawood,1031,Male,3971,624,15
1605,Milka Groundwater,1038,Female,3839,,11
1881,Steve Lailey,1049,Female,4668,,10
1417,Becki Greenshiels,1036,Male,3582,501,11
1078,Jeanelle Bedome,1025,Male,3932,,15
1494,Torry Nicholson,1038,Female,4161,,12
1132,Carney McInulty,1021,Female,4330,661,12
1105,Jeno Cowlard,1022,Male,4855,,12
1083,Valerie Blatchford,1003,Male,3472,790,10
1659,Percival Collyer,1006,Female,3545,1024,13
1216,Halette Laphorn,1048,Male,3991,1034,15
1442,Deck Drogan,1042,Female,4055,865,14
1417,Celka Oldale,1037,Female,3767,724,14
1096,Gordon Downe,1011,Male,3461,,12
1803,Desiri Draaisma,1029,Male,3992,767,15
1531,Julienne Seawright,1007,Male,4548,823,14
1873,Freemon Girdlestone,1034,Male,3383,572,10
1995,Carmencita Newcom,1029,Male,3800,1255,15
1679,Lyda Blose,1038,Male,3141,1388,15
1022,Cecilia Stiven,1027,Female,3646,,13
1335,Salaidh Dumbelton,1050,Female,3439,736,14
1699,Rose Iremonger,1022,Female,3258,,11
1719,Maryellen Blamires,1048,Male,3280,,15
1677,Dulciana Hendrik,1003,Female,3723,,15
1427,Egan Howsden,1005,Female,3298,700,10
1073,Truda de Copeman,1018,Male,3194,1064,12
1179,Daisi Claridge,1017,Male,3951,914,12
1402,Ryon Sharpe,1040,Male,4758,,11
1655,Jeniffer Metherell,1013,Male,3690,,14
1758,Nariko Haugen,1048,Female,4005,,11
1047,Rasla Durnill,1041,Female,4907,,10
1616,Arielle Dunk,1008,Female,3412,1201,15
1929,Sharon Twiddle,1022,Male,4770,,15
1258,Magdaia Simpole,1024,Female,4126,958,15
1559,Pepe Djurkovic,1045,Male,3965,969,12
1064,Marena Mohan,1003,Female,4561,,14
1953,Sharleen Garbett,1010,Female,4959,,10
1708,Vevay Fladgate,1021,Female,4698,765,12
1950,Adams Ivashkov,1048,Male,3464,1368,11
1808,Ede Forrington,1048,Female,4238,1484,10
1522,Sibelle Allnatt,1016,Female,4878,514,14
1106,Bron Lyal,1025,Male,4359,1073,12
1036,Nadeen McKissack,1027,Male,4912,1332,10
1138,Philippa Olenov,1002,Male,3106,1260,14
1323,Tobias Durno,1010,Female,4513,1301,13
1525,Kessiah Quilty,1040,Female,4552,735,11
1844,Jacklyn Antos,1036,Male,3500,1418,11
1781,Ignazio Cocklie,1032,Female,4176,,11
1195,Corrine Godain,1042,Female,4435,1096,14
1395,Raine Olechnowicz,1005,Male,4723,,13
1389,Zola Chamley,1015,Female,4756,,10
1641,Benn Cazin,1032,Female,3584,,12
1463,Ronny Edmett,1022,Male,4790,1350,15
1730,Heida Duxbarry,1007,Female,4498,,12
1752,Robenia Baline,1050,Male,4465,,11
1282,Tamera Haith,1019,Male,4065,1115,12
1331,Janeczka Dufour,1030,Female,4119,1325,13
1535,Ingaberg McJury,1028,Female,3004,,13
1815,Hubert Challenger,1033,Male,4066,,14
1351,Emili Hellis,1042,Female,3629,,13
1879,Kristel Banck,1021,Male,4492,,11
1058,Dolly Ekless,1014,Male,3743,,14
1030,Orin Grocutt,1032,Female,3825,,12
1925,Alasdair Brunnen,1015,Male,3088,1047,10
1338,Cesya Cleminshaw,1008,Male,4662,,10
1262,Shane Cancellieri,1013,Female,3469,,14
1282,Catharina Bielfelt,1049,Male,4122,,10
1779,Perren Grigorio,1021,Female,4952,,13
1134,Gwendolen Esom,1039,Female,4594,,11
1082,Creight Newing,1004,Male,4929,1334,11
1736,Fionnula Jannasch,1008,Female,3133,1395,13
1266,Pattie Smogur,1011,Female,4039,,13
1420,Leta Borley,1039,Male,4211,807,10
1334,Goober Trenbey,1021,Female,3041,,14
1964,Bab D'Antoni,1022,Male,4198,553,15
1089,Marna Pursey,1041,Female,4507,1344,14
1945,Armin Burdikin,1047,Male,4637,914,12
1974,Harlan Rojahn,1028,Female,3016,,13
1350,Bertrand Engelmann,1011,Female,3800,715,10
1470,Jarret Carruthers,1009,Male,3631,506,10
1476,Tory Loveless,1016,Female,4467,749,12
1503,Josiah Bauer,1046,Female,4954,1460,14
1819,Merrill Muzzini,1042,Male,3023,,10
1652,Artemas Sneaker,1016,Male,3926,,12
1611,Cristin Cowdry,1016,Male,3714,,11
1752,Rodina Went,1050,Male,4511,1275,14
1256,Ignace Abazi,1018,Male,3815,,15
1991,Nickolaus Domokos,1014,Male,3353,1205,10
1350,Gussie Kolinsky,1017,Female,4422,1044,13
1776,Hughie Yurtsev,1029,Male,3036,934,15
1984,Martelle Cammiemile,1048,Female,3302,1279,13
1119,Viviene Ochterlony,1036,Male,4807,1233,13
1423,Clayton Glasscott,1014,Male,3705,,11
1063,Elva Broadwell,1009,Female,4456,,11
1078,Lulu Cottey,1028,Female,3456,,15
1328,Elvira Matushevitz,1010,Female,4765,1485,12
1202,Ira Butt Gow,1024,Female,4779,,15
1880,Shani Cokely,1046,Female,4098,,12
1665,Feliza Strognell,1043,Female,3152,894,15
1497,Ellsworth Glacken,1013,Female,3372,952,10
1954,Luke Benedyktowicz,1030,Female,3156,,11
1031,Kat Charman,1002,Female,3026,1248,15
1072,Noah Henrys,1045,Female,4259,1127,15
1327,Adah Eggle,1018,Male,3201,1114,14
1962,Gregorius Beddo,1034,Female,3798,,15
1438,Zebulon Fishleigh,1042,Male,4630,,12
1232,Karry Lantaph,1038,Male,3577,,11
1674,Noelani Craise,1004,Male,4325,760,10
1507,Ruy Aizlewood,1003,Female,4268,1346,13
1938,Ric Sweeting,1012,Female,4256,1257,14
1494,Myrlene Deinhard,1006,Female,4308,,15
1423,Temp Gisborne,1008,Male,3489,968,12
1152,Nelli Cissell,1038,Male,3372,558,11
1918,Margarethe Tampin,1029,Male,4338,,12
1667,Gertrudis Squier,1010,Female,4950,1419,13
1653,Natassia Siemandl,1008,Male,3267,1151,11
1290,Ardra Fery,1014,Female,4314,,11
1046,Faydra Yanyushkin,1020,Female,4114,1479,13
1804,Teador Storks,1001,Female,3656,,11
1232,Sheree Emberton,1014,Male,4474,1133,14
1613,Codie Biggerstaff,1050,Female,3509,812,12
1220,Creigh Orpin,1036,Male,3005,858,15
1614,Loreen Lared,1038,Female,3355,,10
1969,Trenton Hunday,1005,Male,4409,,14
1645,Dalton Nast,1048,Male,4520,,12
1629,Lauree O'Geaney,1006,Female,3268,1300,14
1375,Brittan Roget,1007,Male,4588,1315,14
1332,Micheal Birdfield,1011,Female,3492,,10
1384,Gaultiero Chetham,1031,Male,4348,979,10
1252,Ginny Mussett,1036,Female,4933,,13
1167,Yoshi Havile,1012,Male,3345,,11
1399,Joeann Espley,1037,Male,4177,1136,11
1690,Tannie Finlater,1032,Male,4779,1225,14
1869,Blakelee Reinbeck,1018,Male,4988,,12
1593,Maisey Costen,1041,Male,3361,1305,15
1234,Killy Dries,1030,Female,4225,1141,13
1080,Halie Vatini,1015,Female,3121,1324,13
1806,Lorine Been,1038,Male,3698,,14
1503,Markos Wright,1039,Female,4245,827,14
1454,Ileana Clixby,1027,Female,3125,1302,10
1404,Curtice Kincaid,1026,Male,3037,702,11
1827,Kary Filippone,1017,Male,3814,986,14
1751,Karlotte Noraway,1030,Female,3359,,12
1270,Grace Coche,1002,Male,3320,,13
1648,Flore Puzey,1001,Female,4481,,15
1320,Alano Hilling,1047,Female,4274,1140,11
1547,Romain Anslow,1046,Male,3985,757,10
1243,Rae Livzey,1021,Female,4919,596,12
1782,Ivor Gurwood,1037,Male,4842,1377,12
1173,Shelbi Tapsfield,1017,Female,3611,951,10
1726,Thornton Jacob,1011,Female,3565,1146,13
1673,Claire Looby,1017,Female,3561,,11
1168,Dana Freund,1020,Female,4656,1475,11
1395,Allsun Lucchi,1010,Female,3470,,11
1475,Martha Kadd,1022,Male,4794,,10
1694,Maisey Manville,1020,Male,4239,,10
1571,Emelina Croce,1004,Male,4689,,12
1700,Julius Dumbleton,1014,Female,3868,,14
1109,Ottilie Chatfield,1010,Male,4178,,15
1102,Mischa Fearne,1040,Female,4641,,14
1961,Sonny Mucklow,1009,Male,3054,1304,11
1054,Neel Oakman,1012,Female,4080,,13
1399,Faustine Flecknell,1028,Female,3242,625,10
1329,Sib Yvens,1001,Male,4873,,11
1352,Ester Ardron,1031,Male,3466,,12
1739,Andras Scoterbosh,1008,Male,4579,,14
1514,Wayne Drawmer,1018,Female,4378,1176,13
1792,Jessie Beevor,1031,Female,3137,1300,10
1401,Joel Danne,1013,Male,4037,1378,13
1376,Richard Goldring,1040,Male,4893,,12
1045,Gabie Gammade,1008,Female,4150,,10
1064,Sibbie Oades,1035,Female,4172,586,10
1435,Herbie Rudsdell,1029,Male,3114,1216,15
1203,Werner Diben,1041,Female,3531,,14
1797,Maye Viscovi,1032,Male,4439,,15
1790,Randene Kubal,1040,Female,3897,1104,15
1126,Vaclav Blackborn,1016,Female,4154,,10
1057,Doug Conibere,1045,Female,4912,1092,11
1271,Arabelle Annetts,1008,Female,4633,,13
1158,Kendricks Bastistini,1038,Female,3183,1349,10
1137,Kin McCreary,1049,Female,3225,,11
1291,Scarlett Fassan,1024,Female,4264,1123,14
1114,Cammy Witheridge,1021,Female,3457,,15
1665,Verile Rochford,1029,Female,4442,704,12
1463,Jessalyn Fellis,1019,Female,3142,839,11
1023,Agatha Wasiela,1021,Female,3512,1049,15
1849,Gloria Syfax,1017,Female,4067,,12
1350,Francesca Boyne,1048,Male,3890,,14
1540,Ginelle Hancox,1045,Female,3039,,11
1488,Raff D' Angelo,1045,Female,3712,1326,14
1773,Rozanna Pomfret,1015,Female,3604,1439,13
1696,Jayme Piotrkowski,1048,Male,3141,,13
1006,Yorgo Friskey,1028,Male,3649,1121,10
1844,Dar Tome,1001,Female,3260,791,12
1054,Johnette Rhule,1016,Male,4745,,15
1528,Ilysa Belleny,1048,Female,4118,,12
1562,Robers McCathay,1033,Male,4492,,14
1755,Ginger Lippett,1023,Female,4989,1167,10
1530,Abbey Tunnicliff,1042,Male,4878,606,12
1497,Amata Donlon,1002,Female,4828,852,12
1018,Irene Abrahmer,1038,Male,4013,1362,13
1009,Jessee Kopman,1029,Male,3551,686,14
1644,Toby Dreigher,1015,Male,4824,630,10
1197,Aggi Roder,1029,Male,4236,,11
1800,Vivia Wike,1041,Male,3880,,14
1431,Lee Tooth,1007,Male,4471,844,14
1179,Tommie Attrie,1049,Male,4611,1176,10
1697,Devi Ganter,1048,Male,3967,1022,12
1552,Winonah Low,1048,Male,4338,,11
1207,Kennith Lucius,1009,Female,3313,595,11
1921,Cordi Monteath,1042,Female,3038,,12
1755,Burgess Robardey,1014,Male,3295,555,12
1347,Collete Bracey,1018,Male,4443,980,12
1431,Schuyler Ruddy,1020,Female,3760,571,10
1952,Alf Aimeric,1035,Female,4258,,10
1003,Leroy Winspurr,1032,Female,4457,882,14
1567,Iain Warrier,1004,Male,4390,,15
1910,Olivie Rendall,1004,Male,3881,1198,13
1656,Stephani McIver,1013,Female,4435,,11
1959,Sherwin Maystone,1005,Female,4330,,15
1209,Orelle Ianetti,1032,Male,4466,,14
1864,Felisha Wisdom,1019,Male,4120,514,10
1060,Walther Pavlata,1033,Female,3616,1310,15
1289,Verina Axel,1013,Male,3475,,15
1373,Bernie Hathwood,1030,Male,4058,563,11
1272,Elsbeth Lydster,1037,Male,4376,1336,14
1596,Gerome Yuryev,1043,Female,3169,,13
1600,Gregor Santus,1047,Female,4991,515,15
1850,Roman Bikker,1014,Male,3031,867,14
1023,Keefer Trenoweth,1028,Male,3496,,13
1125,Wainwright Crutchfield,1026,Female,4868,530,15
1009,Jerry Hobell,1029,Female,4820,,15
1648,Hamid Elfleet,1022,Female,4656,,11
1513,Seana Tuson,1038,Male,4471,1040,15
1444,Tomas Benting,1045,Male,4569,,12
1876,Dory Krikorian,1010,Male,4616,,14
1241,Earle Lohoar,1012,Female,3902,1328,11
1886,Gloriana Paramore,1045,Male,4211,1300,10
